"SHA256","Bytes","Path"
"703CFD53BF9CFE2EE9241D7569FCE5CF1C4F1D409CAD7ED525E311BFC6BC4017","21429","Edificio_2\excel\ED2_METODO_ESTATICO_MANUAL_EXCEL_20260512.xlsx"
"A6358424784FF25549D07926882849ACF8DE5F490577ADCD8CAFF405B0EA1CE3","33719","Edificio_2\excel\ED2_METODO_ESTATICO_MANUAL_EXCEL_CORREGIDO_20260512.xlsx"
"8B3A80840291185C7506215559A8660CDC488C23BAF92FD36A5290186A995516","197595","Edificio_2\models\ED2_CLASE_METODO_ESTATICO_CORREGIDO_20260512_162839.$et"
"914D994A69E8D4B0CEB4009D2A4DE3D3605B4CD2D66FE482118321D955817AA8","375592","Edificio_2\models\ED2_CLASE_METODO_ESTATICO_CORREGIDO_20260512_162839.EDB"
"F7D5C542BE252705782588AFEE117CA6F889C9C5D642CCDC67DEEE47BF5AD267","5131","Edificio_2\models\ED2_CLASE_METODO_ESTATICO_CORREGIDO_20260512_162839.LOG"
"1A013F068436CEBDF03EFFDC85829B6A173A2D9F1EE519C4E8B4CA2E69132736","8686","Edificio_2\models\ED2_CLASE_METODO_ESTATICO_CORREGIDO_20260512_162839.OUT"
"D35F181498FF34EB1FEEDDAE10C396BA7749F7E93261333A1501E90EE61344E7","371616","Edificio_2\models\ED2_CLASE_METODO_ESTATICO_EXCEL_20260512.EDB"
"172B0FE7F08BD893307DEA8E71C0B2F5F32B61178FACDF4DC2ADF2BCE84E2607","5131","Edificio_2\models\ED2_CLASE_METODO_ESTATICO_EXCEL_20260512.LOG"
"4B76ACDED48EC34AD7921E0E1B53DEDB5F4A22E86945D9B7361E6A824C1C39E8","251669","Edificio_2\models\ED2_CLASE_METODO_ESTATICO_EXCEL_20260512.msh"
"2D92850AB058931FF236057D7EB6E0400C7C24699B83A0818DAE45736ED25AA0","8686","Edificio_2\models\ED2_CLASE_METODO_ESTATICO_EXCEL_20260512.OUT"
"F4F145A2EF0B42389540AF502CE567A13B92471E3C613745F6AD7AB97493A112","9953","Edificio_2\reports\AUDITORIA_EXCEL_CLASE_SISMO_20260512_20260512_150626.json"
"168821530FF8A52581CE23F96F6CA247E3C6E6A57D80DBED6FE65BB365BD2054","2452","Edificio_2\reports\AUDITORIA_EXCEL_CLASE_SISMO_20260512_20260512_150626.log"
"97E605700EB233171C3AF064E02002B04B09C81811DFAAA5B399357D9343F8F5","2007","Edificio_2\reports\AUDITORIA_EXCEL_CLASE_SISMO_20260512_20260512_150626.md"
"A2F8452A8366905CF6CA7A4ACF064F051C75486238534B2919EE4D7834C0126F","10654","Edificio_2\reports\FINALIZAR_ED2_INSTANCIA_RECUPERADA_20260512_163634.json"
"34C9A1F13189C2E6E00B6CB1F6FEF33915BBC50DE68AC55B620A661213442F09","1708","Edificio_2\reports\FINALIZAR_ED2_INSTANCIA_RECUPERADA_20260512_163634.log"
"3E0CEB0380EF33620FF63E6961C2EA0C27E5C993F867B4DD9223294D3E37C45A","1789","Edificio_2\reports\FINALIZAR_ED2_INSTANCIA_RECUPERADA_20260512_163634.md"
"C0E1D1E402F73B8BC7823D262600DC1D838D9D90AFD081767E6990CE7E9670BE","814","Edificio_2\reports\README_AUDITORIA_EXCEL_CLASE_SISMO_20260512.md"
"7803F621D977DDBF71507FE9A875B7F94566961AD03A1E3B31EF6A23021B6205","1110","Edificio_2\results\ed2_static_distribution_instancia_recuperada_20260512_163634.csv"
"C0AB17F2E20A9CD7221470C7AAF4D622EA5034F9D9FEC47DD05095646A07F6DF","439","Edificio_2\results\Mass_Source_Definition_20260512_163634.csv"
"65CF2C89AF564DB8D503EC43B9D2D2C1BD38ACF54F1A310AB2DA5AB279F353CB","98","Edificio_2\results\Mass_Summary_by_Story_20260512_163634.csv"
"EDBA1AE9C1D2E82C389EC74A99FA75D07A408DED3B2AC7A27FC15B82A1F631FD","2212","Edificio_2\results\modal_participating_mass_ratios_api_20260512_150626.csv"
"CB522863F6334AA79A37E4ECB78B133AE2859AC25914B1516C061DB4CDB46DE6","2224","Edificio_2\results\modal_participating_mass_ratios_instancia_recuperada_20260512_163634.csv"
"8F45F976B677A73BE76B0EC3A63531A8EB079D08BBE9428B01F73522EB7F54F7","140","Edificio_2\results\story_weights_from_etabs_out_20260512_150626.csv"
"7B3929CFEB14B5B4D78A6B05E79E4E7335804FC5A218060A9F48C4FEAD7A21B4","140","Edificio_2\results\story_weights_instancia_recuperada_20260512_163634.csv"
"7ADC9700161FB165D1E1FCA2BE34692613304FA18CA985659B571724F8F78C07","25863","Edificio_2\scripts_usados\corregir_ed2_modelo_excel_20260512.py"
"0C333ED6331A5F544FE9B111076ADFFCECC1EDDB1AA4032633969753D0AF39E2","9227","Edificio_2\scripts_usados\finalizar_ed2_desde_instancia_recuperada_20260512.py"
"4ABFCD3F2F20BA064E4F231D577359E138F2E2F5075FA5449AAA0F05D7415919","8157","Edificio_2\scripts_usados\finalizar_ed2_excel_desde_resultados_20260512.py"
"48EA50375FA98965783514D906C815C19912CFB97CCB7E8079E666C38AE1CA8F","7680","Edificio_2\scripts_usados\rescatar_ed2_instancia_miopen_20260512.py"
"6C7531C9E0EA2C27D2CC043FC5AA2A2D00E888E8DCBBC7DE8060E2D43C76EC28","1822","README_CORRECCION_ED2_MODELO_EXCEL_20260512.md"
"10C44537C5DE395085A7F3F791E282EFE3FB1B88C675823E68DDBD74716F1B2F","2258","README_METODO_ESTATICO_ED2_20260512.md"
"2F71C82AA195BF2D663DDE97AB76D68942BABED332EA3BBC579EB629E33324D3","29257","scripts_usados\auditar_y_rehacer_excel_clase_sismo_20260512.py"
